{
    "total": 150,
    "validation": {
        "running": 0.0,
        "completed": 0.56,
        "agent context limit": 0.0,
        "agent validation failed": 0.15333333333333332,
        "agent invalid action": 0.0,
        "task limit reached": 0.2866666666666667,
        "unknown": 0.0,
        "task error": 0.0,
        "average_history_length": 23.373333333333335,
        "max_history_length": 34,
        "min_history_length": 4
    },
    "custom": {
        "other_accuracy": 0.0,
        "counting_accuracy": 0.18181818181818182,
        "comparison_accuracy": 0.0,
        "ranking_accuracy": 0.0,
        "aggregation-SUM_accuracy": 0.16666666666666666,
        "aggregation-MIN_accuracy": 0.0,
        "aggregation-MAX_accuracy": 0.0,
        "aggregation-AVG_accuracy": 0.14285714285714285,
        "SELECT_accuracy": 0.06557377049180328,
        "INSERT_accuracy": 0.13043478260869565,
        "UPDATE_accuracy": 0.3,
        "overall_cat_accuracy": 0.16533618436683298
    }
}