{
    "total": 24,
    "validation": {
        "running": 0.0,
        "completed": 0.041666666666666664,
        "agent context limit": 0.0,
        "agent validation failed": 0.0,
        "agent invalid action": 0.7916666666666666,
        "task limit reached": 0.16666666666666666,
        "unknown": 0.0,
        "task error": 0.0,
        "average_history_length": 44.833333333333336,
        "max_history_length": 91,
        "min_history_length": 23
    },
    "custom": {
        "overall": {
            "total": 24,
            "pass": 1,
            "wrong": 23,
            "success_rate": 0.041666666666666664
        }
    }
}