{
    "total": 74,
    "validation": {
        "running": 0.0,
        "completed": 0.0945945945945946,
        "agent context limit": 0.0,
        "agent validation failed": 0.0,
        "agent invalid action": 0.8918918918918919,
        "task limit reached": 0.0,
        "unknown": 0.013513513513513514,
        "task error": 0.0,
        "average_history_length": 8.35135135135135,
        "max_history_length": 12,
        "min_history_length": 0
    },
    "custom": {
        "overall": {
            "total": 74,
            "pass": 6,
            "wrong": 68,
            "acc": 0.08108108108108109
        }
    }
}