{
    "total": 150,
    "validation": {
        "running": 0.0,
        "completed": 0.96,
        "agent context limit": 0.0,
        "agent validation failed": 0.03333333333333333,
        "agent invalid action": 0.0,
        "task limit reached": 0.006666666666666667,
        "unknown": 0.0,
        "task error": 0.0,
        "average_history_length": 7.933333333333334,
        "max_history_length": 34,
        "min_history_length": 4
    },
    "custom": {
        "other_accuracy": 0.7142857142857143,
        "counting_accuracy": 0.36363636363636365,
        "comparison_accuracy": 0.3333333333333333,
        "ranking_accuracy": 0.5,
        "aggregation-SUM_accuracy": 0.16666666666666666,
        "aggregation-MIN_accuracy": 0.4,
        "aggregation-MAX_accuracy": 0.16666666666666666,
        "aggregation-AVG_accuracy": 0.8571428571428571,
        "SELECT_accuracy": 0.4426229508196721,
        "INSERT_accuracy": 0.3188405797101449,
        "UPDATE_accuracy": 0.8,
        "overall_cat_accuracy": 0.520487843509939
    }
}