{
    "total": 74,
    "validation": {
        "running": 0.0,
        "completed": 0.9324324324324325,
        "agent context limit": 0.0,
        "agent validation failed": 0.0,
        "agent invalid action": 0.0,
        "task limit reached": 0.04054054054054054,
        "unknown": 0.02702702702702703,
        "task error": 0.0,
        "average_history_length": 11.14864864864865,
        "max_history_length": 23,
        "min_history_length": 0
    },
    "custom": {
        "overall": {
            "total": 74,
            "pass": 22,
            "wrong": 52,
            "acc": 0.2972972972972973
        }
    }
}