{
    "total": 86,
    "validation": {
        "running": 0.0,
        "completed": 0.6627906976744186,
        "agent context limit": 0.0,
        "agent validation failed": 0.03488372093023256,
        "agent invalid action": 0.0,
        "task limit reached": 0.3023255813953488,
        "unknown": 0.0,
        "task error": 0.0,
        "average_history_length": 21.3953488372093,
        "max_history_length": 30,
        "min_history_length": 16
    },
    "custom": {
        "reward": 0.3399806201550387
    }
}